{"cameraMode":{"drawMode":0,"name":"Shaded","section":"Shading Mode"},"sceneLighting":true,"audioPlay":false,"sceneViewState":{"showFog":true,"showMaterialUpdate":true,"showSkybox":true,"showFlares":true,"showImageEffects":true,"showParticleSystems":true},"in2DMode":false,"pivot":{"x":-1.5848921537399293,"y":-4.990140914916992,"z":10.797089576721192},"rotation":{"x":0.20758719742298127,"y":-0.051328953355550769,"z":0.010913663543760777,"w":0.9768204092979431},"size":27.322734832763673,"orthographic":false}