{"cameraMode":{"drawMode":0,"name":"Shaded","section":"Shading Mode"},"sceneLighting":true,"audioPlay":false,"sceneViewState":{"showFog":true,"showMaterialUpdate":true,"showSkybox":true,"showFlares":true,"showImageEffects":true,"showParticleSystems":true},"in2DMode":false,"pivot":{"x":1.0927326679229737,"y":2.041651487350464,"z":14.273611068725586},"rotation":{"x":0.14587663114070893,"y":-0.001484107575379312,"z":0.00021618735627271235,"w":0.9893093109130859},"size":5.194840431213379,"orthographic":false}