{"cameraMode":{"drawMode":0,"name":"Shaded","section":"Shading Mode"},"sceneLighting":true,"audioPlay":false,"sceneViewState":{"showFog":true,"showMaterialUpdate":true,"showSkybox":true,"showFlares":true,"showImageEffects":true,"showParticleSystems":true},"in2DMode":false,"pivot":{"x":-172.78831481933595,"y":-245.76568603515626,"z":257.413818359375},"rotation":{"x":0.31141555309295657,"y":-0.26971545815467837,"z":0.09264510869979859,"w":0.9065119028091431},"size":454.53717041015627,"orthographic":false}