{"cameraMode":{"drawMode":0,"name":"Shaded","section":"Shading Mode"},"sceneLighting":false,"audioPlay":false,"sceneViewState":{"showFog":true,"showMaterialUpdate":true,"showSkybox":true,"showFlares":true,"showImageEffects":true,"showParticleSystems":true},"in2DMode":false,"pivot":{"x":0.4708217978477478,"y":1.9946403503417969,"z":-11.364747047424317},"rotation":{"x":0.1842285394668579,"y":-0.033902108669281009,"z":0.006358410231769085,"w":0.9822810888290405},"size":9.147695541381836,"orthographic":false}